group_id,group_label,cancer_site_code,mapping_relation,basis,source_url,note
tobacco_associated,Tobacco-associated cancer,29010,exact,"CDC, ""Tobacco and Cancer"" (cdc.gov/cancer/risk-factors/tobacco.html, updated 2025-06-11, checked 2026-09-19): ""Tobacco use can cause cancer almost anywhere in your body, including in the: Bladder, Blood (acute myeloid leukemia), Cervix, Colon and rectum, Esophagus, Kidney and renal pelvis, Liver, Lungs, bronchi, and trachea, Mouth and throat, Pancreas, Stomach, Voice box (larynx).""",https://www.cdc.gov/cancer/risk-factors/tobacco.html,
tobacco_associated,Tobacco-associated cancer,35021,exact,"CDC, ""Tobacco and Cancer"" (cdc.gov/cancer/risk-factors/tobacco.html, updated 2025-06-11, checked 2026-09-19): ""Tobacco use can cause cancer almost anywhere in your body, including in the: Bladder, Blood (acute myeloid leukemia), Cervix, Colon and rectum, Esophagus, Kidney and renal pelvis, Liver, Lungs, bronchi, and trachea, Mouth and throat, Pancreas, Stomach, Voice box (larynx).""",https://www.cdc.gov/cancer/risk-factors/tobacco.html,"CDC names 'Blood (acute myeloid leukemia)' specifically -- the single AML leaf, not the whole Leukemia rollup (which also covers lymphocytic and other myeloid leukemias CDC does not name here)."
tobacco_associated,Tobacco-associated cancer,27010,exact,"CDC, ""Tobacco and Cancer"" (cdc.gov/cancer/risk-factors/tobacco.html, updated 2025-06-11, checked 2026-09-19): ""Tobacco use can cause cancer almost anywhere in your body, including in the: Bladder, Blood (acute myeloid leukemia), Cervix, Colon and rectum, Esophagus, Kidney and renal pelvis, Liver, Lungs, bronchi, and trachea, Mouth and throat, Pancreas, Stomach, Voice box (larynx).""",https://www.cdc.gov/cancer/risk-factors/tobacco.html,
tobacco_associated,Tobacco-associated cancer,21041,exact,"CDC, ""Tobacco and Cancer"" (cdc.gov/cancer/risk-factors/tobacco.html, updated 2025-06-11, checked 2026-09-19): ""Tobacco use can cause cancer almost anywhere in your body, including in the: Bladder, Blood (acute myeloid leukemia), Cervix, Colon and rectum, Esophagus, Kidney and renal pelvis, Liver, Lungs, bronchi, and trachea, Mouth and throat, Pancreas, Stomach, Voice box (larynx).""",https://www.cdc.gov/cancer/risk-factors/tobacco.html,SCP combined category; SEER site recode 21041-21049+21051-21052 (excludes anus 21060) -- same constituent split as #90's cancer_site_ontology.csv.
tobacco_associated,Tobacco-associated cancer,21042,exact,"CDC, ""Tobacco and Cancer"" (cdc.gov/cancer/risk-factors/tobacco.html, updated 2025-06-11, checked 2026-09-19): ""Tobacco use can cause cancer almost anywhere in your body, including in the: Bladder, Blood (acute myeloid leukemia), Cervix, Colon and rectum, Esophagus, Kidney and renal pelvis, Liver, Lungs, bronchi, and trachea, Mouth and throat, Pancreas, Stomach, Voice box (larynx).""",https://www.cdc.gov/cancer/risk-factors/tobacco.html,SCP combined category; SEER site recode 21041-21049+21051-21052 (excludes anus 21060) -- same constituent split as #90's cancer_site_ontology.csv.
tobacco_associated,Tobacco-associated cancer,21043,exact,"CDC, ""Tobacco and Cancer"" (cdc.gov/cancer/risk-factors/tobacco.html, updated 2025-06-11, checked 2026-09-19): ""Tobacco use can cause cancer almost anywhere in your body, including in the: Bladder, Blood (acute myeloid leukemia), Cervix, Colon and rectum, Esophagus, Kidney and renal pelvis, Liver, Lungs, bronchi, and trachea, Mouth and throat, Pancreas, Stomach, Voice box (larynx).""",https://www.cdc.gov/cancer/risk-factors/tobacco.html,SCP combined category; SEER site recode 21041-21049+21051-21052 (excludes anus 21060) -- same constituent split as #90's cancer_site_ontology.csv.
tobacco_associated,Tobacco-associated cancer,21044,exact,"CDC, ""Tobacco and Cancer"" (cdc.gov/cancer/risk-factors/tobacco.html, updated 2025-06-11, checked 2026-09-19): ""Tobacco use can cause cancer almost anywhere in your body, including in the: Bladder, Blood (acute myeloid leukemia), Cervix, Colon and rectum, Esophagus, Kidney and renal pelvis, Liver, Lungs, bronchi, and trachea, Mouth and throat, Pancreas, Stomach, Voice box (larynx).""",https://www.cdc.gov/cancer/risk-factors/tobacco.html,SCP combined category; SEER site recode 21041-21049+21051-21052 (excludes anus 21060) -- same constituent split as #90's cancer_site_ontology.csv.
tobacco_associated,Tobacco-associated cancer,21045,exact,"CDC, ""Tobacco and Cancer"" (cdc.gov/cancer/risk-factors/tobacco.html, updated 2025-06-11, checked 2026-09-19): ""Tobacco use can cause cancer almost anywhere in your body, including in the: Bladder, Blood (acute myeloid leukemia), Cervix, Colon and rectum, Esophagus, Kidney and renal pelvis, Liver, Lungs, bronchi, and trachea, Mouth and throat, Pancreas, Stomach, Voice box (larynx).""",https://www.cdc.gov/cancer/risk-factors/tobacco.html,SCP combined category; SEER site recode 21041-21049+21051-21052 (excludes anus 21060) -- same constituent split as #90's cancer_site_ontology.csv.
tobacco_associated,Tobacco-associated cancer,21046,exact,"CDC, ""Tobacco and Cancer"" (cdc.gov/cancer/risk-factors/tobacco.html, updated 2025-06-11, checked 2026-09-19): ""Tobacco use can cause cancer almost anywhere in your body, including in the: Bladder, Blood (acute myeloid leukemia), Cervix, Colon and rectum, Esophagus, Kidney and renal pelvis, Liver, Lungs, bronchi, and trachea, Mouth and throat, Pancreas, Stomach, Voice box (larynx).""",https://www.cdc.gov/cancer/risk-factors/tobacco.html,SCP combined category; SEER site recode 21041-21049+21051-21052 (excludes anus 21060) -- same constituent split as #90's cancer_site_ontology.csv.
tobacco_associated,Tobacco-associated cancer,21047,exact,"CDC, ""Tobacco and Cancer"" (cdc.gov/cancer/risk-factors/tobacco.html, updated 2025-06-11, checked 2026-09-19): ""Tobacco use can cause cancer almost anywhere in your body, including in the: Bladder, Blood (acute myeloid leukemia), Cervix, Colon and rectum, Esophagus, Kidney and renal pelvis, Liver, Lungs, bronchi, and trachea, Mouth and throat, Pancreas, Stomach, Voice box (larynx).""",https://www.cdc.gov/cancer/risk-factors/tobacco.html,SCP combined category; SEER site recode 21041-21049+21051-21052 (excludes anus 21060) -- same constituent split as #90's cancer_site_ontology.csv.
tobacco_associated,Tobacco-associated cancer,21048,exact,"CDC, ""Tobacco and Cancer"" (cdc.gov/cancer/risk-factors/tobacco.html, updated 2025-06-11, checked 2026-09-19): ""Tobacco use can cause cancer almost anywhere in your body, including in the: Bladder, Blood (acute myeloid leukemia), Cervix, Colon and rectum, Esophagus, Kidney and renal pelvis, Liver, Lungs, bronchi, and trachea, Mouth and throat, Pancreas, Stomach, Voice box (larynx).""",https://www.cdc.gov/cancer/risk-factors/tobacco.html,SCP combined category; SEER site recode 21041-21049+21051-21052 (excludes anus 21060) -- same constituent split as #90's cancer_site_ontology.csv.
tobacco_associated,Tobacco-associated cancer,21049,exact,"CDC, ""Tobacco and Cancer"" (cdc.gov/cancer/risk-factors/tobacco.html, updated 2025-06-11, checked 2026-09-19): ""Tobacco use can cause cancer almost anywhere in your body, including in the: Bladder, Blood (acute myeloid leukemia), Cervix, Colon and rectum, Esophagus, Kidney and renal pelvis, Liver, Lungs, bronchi, and trachea, Mouth and throat, Pancreas, Stomach, Voice box (larynx).""",https://www.cdc.gov/cancer/risk-factors/tobacco.html,SCP combined category; SEER site recode 21041-21049+21051-21052 (excludes anus 21060) -- same constituent split as #90's cancer_site_ontology.csv.
tobacco_associated,Tobacco-associated cancer,21051,exact,"CDC, ""Tobacco and Cancer"" (cdc.gov/cancer/risk-factors/tobacco.html, updated 2025-06-11, checked 2026-09-19): ""Tobacco use can cause cancer almost anywhere in your body, including in the: Bladder, Blood (acute myeloid leukemia), Cervix, Colon and rectum, Esophagus, Kidney and renal pelvis, Liver, Lungs, bronchi, and trachea, Mouth and throat, Pancreas, Stomach, Voice box (larynx).""",https://www.cdc.gov/cancer/risk-factors/tobacco.html,SCP combined category; SEER site recode 21041-21049+21051-21052 (excludes anus 21060) -- same constituent split as #90's cancer_site_ontology.csv.
tobacco_associated,Tobacco-associated cancer,21052,exact,"CDC, ""Tobacco and Cancer"" (cdc.gov/cancer/risk-factors/tobacco.html, updated 2025-06-11, checked 2026-09-19): ""Tobacco use can cause cancer almost anywhere in your body, including in the: Bladder, Blood (acute myeloid leukemia), Cervix, Colon and rectum, Esophagus, Kidney and renal pelvis, Liver, Lungs, bronchi, and trachea, Mouth and throat, Pancreas, Stomach, Voice box (larynx).""",https://www.cdc.gov/cancer/risk-factors/tobacco.html,SCP combined category; SEER site recode 21041-21049+21051-21052 (excludes anus 21060) -- same constituent split as #90's cancer_site_ontology.csv.
tobacco_associated,Tobacco-associated cancer,21010,exact,"CDC, ""Tobacco and Cancer"" (cdc.gov/cancer/risk-factors/tobacco.html, updated 2025-06-11, checked 2026-09-19): ""Tobacco use can cause cancer almost anywhere in your body, including in the: Bladder, Blood (acute myeloid leukemia), Cervix, Colon and rectum, Esophagus, Kidney and renal pelvis, Liver, Lungs, bronchi, and trachea, Mouth and throat, Pancreas, Stomach, Voice box (larynx).""",https://www.cdc.gov/cancer/risk-factors/tobacco.html,
tobacco_associated,Tobacco-associated cancer,29020,exact,"CDC, ""Tobacco and Cancer"" (cdc.gov/cancer/risk-factors/tobacco.html, updated 2025-06-11, checked 2026-09-19): ""Tobacco use can cause cancer almost anywhere in your body, including in the: Bladder, Blood (acute myeloid leukemia), Cervix, Colon and rectum, Esophagus, Kidney and renal pelvis, Liver, Lungs, bronchi, and trachea, Mouth and throat, Pancreas, Stomach, Voice box (larynx).""",https://www.cdc.gov/cancer/risk-factors/tobacco.html,
tobacco_associated,Tobacco-associated cancer,21071,exact,"CDC, ""Tobacco and Cancer"" (cdc.gov/cancer/risk-factors/tobacco.html, updated 2025-06-11, checked 2026-09-19): ""Tobacco use can cause cancer almost anywhere in your body, including in the: Bladder, Blood (acute myeloid leukemia), Cervix, Colon and rectum, Esophagus, Kidney and renal pelvis, Liver, Lungs, bronchi, and trachea, Mouth and throat, Pancreas, Stomach, Voice box (larynx).""",https://www.cdc.gov/cancer/risk-factors/tobacco.html,"CDC names 'Liver'; SEER's Liver leaf (21071) is distinct from Intrahepatic Bile Duct (21072), which CDC does not name."
tobacco_associated,Tobacco-associated cancer,22030,exact,"CDC, ""Tobacco and Cancer"" (cdc.gov/cancer/risk-factors/tobacco.html, updated 2025-06-11, checked 2026-09-19): ""Tobacco use can cause cancer almost anywhere in your body, including in the: Bladder, Blood (acute myeloid leukemia), Cervix, Colon and rectum, Esophagus, Kidney and renal pelvis, Liver, Lungs, bronchi, and trachea, Mouth and throat, Pancreas, Stomach, Voice box (larynx).""",https://www.cdc.gov/cancer/risk-factors/tobacco.html,"CDC names 'Lungs, bronchi, and trachea'; SEER's Lung and Bronchus code (22030) covers lung/bronchus only -- trachea has no clean matching SEER leaf (it shares code 22060 with Mediastinum and Other Respiratory Organs, which CDC does not name), so trachea is excluded rather than guessed."
tobacco_associated,Tobacco-associated cancer,21100,exact,"CDC, ""Tobacco and Cancer"" (cdc.gov/cancer/risk-factors/tobacco.html, updated 2025-06-11, checked 2026-09-19): ""Tobacco use can cause cancer almost anywhere in your body, including in the: Bladder, Blood (acute myeloid leukemia), Cervix, Colon and rectum, Esophagus, Kidney and renal pelvis, Liver, Lungs, bronchi, and trachea, Mouth and throat, Pancreas, Stomach, Voice box (larynx).""",https://www.cdc.gov/cancer/risk-factors/tobacco.html,
tobacco_associated,Tobacco-associated cancer,21020,exact,"CDC, ""Tobacco and Cancer"" (cdc.gov/cancer/risk-factors/tobacco.html, updated 2025-06-11, checked 2026-09-19): ""Tobacco use can cause cancer almost anywhere in your body, including in the: Bladder, Blood (acute myeloid leukemia), Cervix, Colon and rectum, Esophagus, Kidney and renal pelvis, Liver, Lungs, bronchi, and trachea, Mouth and throat, Pancreas, Stomach, Voice box (larynx).""",https://www.cdc.gov/cancer/risk-factors/tobacco.html,
tobacco_associated,Tobacco-associated cancer,22020,exact,"CDC, ""Tobacco and Cancer"" (cdc.gov/cancer/risk-factors/tobacco.html, updated 2025-06-11, checked 2026-09-19): ""Tobacco use can cause cancer almost anywhere in your body, including in the: Bladder, Blood (acute myeloid leukemia), Cervix, Colon and rectum, Esophagus, Kidney and renal pelvis, Liver, Lungs, bronchi, and trachea, Mouth and throat, Pancreas, Stomach, Voice box (larynx).""",https://www.cdc.gov/cancer/risk-factors/tobacco.html,
tobacco_associated,Tobacco-associated cancer,20010,broader,"CDC, ""Tobacco and Cancer"" (cdc.gov/cancer/risk-factors/tobacco.html, updated 2025-06-11, checked 2026-09-19): ""Tobacco use can cause cancer almost anywhere in your body, including in the: Bladder, Blood (acute myeloid leukemia), Cervix, Colon and rectum, Esophagus, Kidney and renal pelvis, Liver, Lungs, bronchi, and trachea, Mouth and throat, Pancreas, Stomach, Voice box (larynx).""",https://www.cdc.gov/cancer/risk-factors/tobacco.html,"CDC names the plain-language site 'Mouth and throat' (tobacco) / 'Mouth, Throat (pharynx)' (alcohol) without itemizing subsites; SEER site recode splits Oral Cavity and Pharynx into 10 leaf codes with no single combined code. All 10 are listed as constituents, each 'broader' than what the citation names on its own."
tobacco_associated,Tobacco-associated cancer,20020,broader,"CDC, ""Tobacco and Cancer"" (cdc.gov/cancer/risk-factors/tobacco.html, updated 2025-06-11, checked 2026-09-19): ""Tobacco use can cause cancer almost anywhere in your body, including in the: Bladder, Blood (acute myeloid leukemia), Cervix, Colon and rectum, Esophagus, Kidney and renal pelvis, Liver, Lungs, bronchi, and trachea, Mouth and throat, Pancreas, Stomach, Voice box (larynx).""",https://www.cdc.gov/cancer/risk-factors/tobacco.html,"CDC names the plain-language site 'Mouth and throat' (tobacco) / 'Mouth, Throat (pharynx)' (alcohol) without itemizing subsites; SEER site recode splits Oral Cavity and Pharynx into 10 leaf codes with no single combined code. All 10 are listed as constituents, each 'broader' than what the citation names on its own."
tobacco_associated,Tobacco-associated cancer,20030,broader,"CDC, ""Tobacco and Cancer"" (cdc.gov/cancer/risk-factors/tobacco.html, updated 2025-06-11, checked 2026-09-19): ""Tobacco use can cause cancer almost anywhere in your body, including in the: Bladder, Blood (acute myeloid leukemia), Cervix, Colon and rectum, Esophagus, Kidney and renal pelvis, Liver, Lungs, bronchi, and trachea, Mouth and throat, Pancreas, Stomach, Voice box (larynx).""",https://www.cdc.gov/cancer/risk-factors/tobacco.html,"CDC names the plain-language site 'Mouth and throat' (tobacco) / 'Mouth, Throat (pharynx)' (alcohol) without itemizing subsites; SEER site recode splits Oral Cavity and Pharynx into 10 leaf codes with no single combined code. All 10 are listed as constituents, each 'broader' than what the citation names on its own."
tobacco_associated,Tobacco-associated cancer,20040,broader,"CDC, ""Tobacco and Cancer"" (cdc.gov/cancer/risk-factors/tobacco.html, updated 2025-06-11, checked 2026-09-19): ""Tobacco use can cause cancer almost anywhere in your body, including in the: Bladder, Blood (acute myeloid leukemia), Cervix, Colon and rectum, Esophagus, Kidney and renal pelvis, Liver, Lungs, bronchi, and trachea, Mouth and throat, Pancreas, Stomach, Voice box (larynx).""",https://www.cdc.gov/cancer/risk-factors/tobacco.html,"CDC names the plain-language site 'Mouth and throat' (tobacco) / 'Mouth, Throat (pharynx)' (alcohol) without itemizing subsites; SEER site recode splits Oral Cavity and Pharynx into 10 leaf codes with no single combined code. All 10 are listed as constituents, each 'broader' than what the citation names on its own."
tobacco_associated,Tobacco-associated cancer,20050,broader,"CDC, ""Tobacco and Cancer"" (cdc.gov/cancer/risk-factors/tobacco.html, updated 2025-06-11, checked 2026-09-19): ""Tobacco use can cause cancer almost anywhere in your body, including in the: Bladder, Blood (acute myeloid leukemia), Cervix, Colon and rectum, Esophagus, Kidney and renal pelvis, Liver, Lungs, bronchi, and trachea, Mouth and throat, Pancreas, Stomach, Voice box (larynx).""",https://www.cdc.gov/cancer/risk-factors/tobacco.html,"CDC names the plain-language site 'Mouth and throat' (tobacco) / 'Mouth, Throat (pharynx)' (alcohol) without itemizing subsites; SEER site recode splits Oral Cavity and Pharynx into 10 leaf codes with no single combined code. All 10 are listed as constituents, each 'broader' than what the citation names on its own."
tobacco_associated,Tobacco-associated cancer,20060,broader,"CDC, ""Tobacco and Cancer"" (cdc.gov/cancer/risk-factors/tobacco.html, updated 2025-06-11, checked 2026-09-19): ""Tobacco use can cause cancer almost anywhere in your body, including in the: Bladder, Blood (acute myeloid leukemia), Cervix, Colon and rectum, Esophagus, Kidney and renal pelvis, Liver, Lungs, bronchi, and trachea, Mouth and throat, Pancreas, Stomach, Voice box (larynx).""",https://www.cdc.gov/cancer/risk-factors/tobacco.html,"CDC names the plain-language site 'Mouth and throat' (tobacco) / 'Mouth, Throat (pharynx)' (alcohol) without itemizing subsites; SEER site recode splits Oral Cavity and Pharynx into 10 leaf codes with no single combined code. All 10 are listed as constituents, each 'broader' than what the citation names on its own."
tobacco_associated,Tobacco-associated cancer,20070,broader,"CDC, ""Tobacco and Cancer"" (cdc.gov/cancer/risk-factors/tobacco.html, updated 2025-06-11, checked 2026-09-19): ""Tobacco use can cause cancer almost anywhere in your body, including in the: Bladder, Blood (acute myeloid leukemia), Cervix, Colon and rectum, Esophagus, Kidney and renal pelvis, Liver, Lungs, bronchi, and trachea, Mouth and throat, Pancreas, Stomach, Voice box (larynx).""",https://www.cdc.gov/cancer/risk-factors/tobacco.html,"CDC names the plain-language site 'Mouth and throat' (tobacco) / 'Mouth, Throat (pharynx)' (alcohol) without itemizing subsites; SEER site recode splits Oral Cavity and Pharynx into 10 leaf codes with no single combined code. All 10 are listed as constituents, each 'broader' than what the citation names on its own."
tobacco_associated,Tobacco-associated cancer,20080,broader,"CDC, ""Tobacco and Cancer"" (cdc.gov/cancer/risk-factors/tobacco.html, updated 2025-06-11, checked 2026-09-19): ""Tobacco use can cause cancer almost anywhere in your body, including in the: Bladder, Blood (acute myeloid leukemia), Cervix, Colon and rectum, Esophagus, Kidney and renal pelvis, Liver, Lungs, bronchi, and trachea, Mouth and throat, Pancreas, Stomach, Voice box (larynx).""",https://www.cdc.gov/cancer/risk-factors/tobacco.html,"CDC names the plain-language site 'Mouth and throat' (tobacco) / 'Mouth, Throat (pharynx)' (alcohol) without itemizing subsites; SEER site recode splits Oral Cavity and Pharynx into 10 leaf codes with no single combined code. All 10 are listed as constituents, each 'broader' than what the citation names on its own."
tobacco_associated,Tobacco-associated cancer,20090,broader,"CDC, ""Tobacco and Cancer"" (cdc.gov/cancer/risk-factors/tobacco.html, updated 2025-06-11, checked 2026-09-19): ""Tobacco use can cause cancer almost anywhere in your body, including in the: Bladder, Blood (acute myeloid leukemia), Cervix, Colon and rectum, Esophagus, Kidney and renal pelvis, Liver, Lungs, bronchi, and trachea, Mouth and throat, Pancreas, Stomach, Voice box (larynx).""",https://www.cdc.gov/cancer/risk-factors/tobacco.html,"CDC names the plain-language site 'Mouth and throat' (tobacco) / 'Mouth, Throat (pharynx)' (alcohol) without itemizing subsites; SEER site recode splits Oral Cavity and Pharynx into 10 leaf codes with no single combined code. All 10 are listed as constituents, each 'broader' than what the citation names on its own."
tobacco_associated,Tobacco-associated cancer,20100,broader,"CDC, ""Tobacco and Cancer"" (cdc.gov/cancer/risk-factors/tobacco.html, updated 2025-06-11, checked 2026-09-19): ""Tobacco use can cause cancer almost anywhere in your body, including in the: Bladder, Blood (acute myeloid leukemia), Cervix, Colon and rectum, Esophagus, Kidney and renal pelvis, Liver, Lungs, bronchi, and trachea, Mouth and throat, Pancreas, Stomach, Voice box (larynx).""",https://www.cdc.gov/cancer/risk-factors/tobacco.html,"CDC names the plain-language site 'Mouth and throat' (tobacco) / 'Mouth, Throat (pharynx)' (alcohol) without itemizing subsites; SEER site recode splits Oral Cavity and Pharynx into 10 leaf codes with no single combined code. All 10 are listed as constituents, each 'broader' than what the citation names on its own."
hpv_associated,HPV-associated cancer,27010,exact,"CDC, ""Basic Information about HPV and Cancer"" (cdc.gov/cancer/hpv/basic-information.html, reviewed 2024-09-17, checked 2026-09-19): ""13 HPV types can cause cervical cancer, and at least one of these types can cause cancers of the vulva, vagina, penis, anus, and certain head and neck cancers (specifically, the oropharynx, which includes the back of the throat, base of the tongue and tonsils).""",https://www.cdc.gov/cancer/hpv/basic-information.html,
hpv_associated,HPV-associated cancer,27060,exact,"CDC, ""Basic Information about HPV and Cancer"" (cdc.gov/cancer/hpv/basic-information.html, reviewed 2024-09-17, checked 2026-09-19): ""13 HPV types can cause cervical cancer, and at least one of these types can cause cancers of the vulva, vagina, penis, anus, and certain head and neck cancers (specifically, the oropharynx, which includes the back of the throat, base of the tongue and tonsils).""",https://www.cdc.gov/cancer/hpv/basic-information.html,
hpv_associated,HPV-associated cancer,27050,exact,"CDC, ""Basic Information about HPV and Cancer"" (cdc.gov/cancer/hpv/basic-information.html, reviewed 2024-09-17, checked 2026-09-19): ""13 HPV types can cause cervical cancer, and at least one of these types can cause cancers of the vulva, vagina, penis, anus, and certain head and neck cancers (specifically, the oropharynx, which includes the back of the throat, base of the tongue and tonsils).""",https://www.cdc.gov/cancer/hpv/basic-information.html,
hpv_associated,HPV-associated cancer,28030,exact,"CDC, ""Basic Information about HPV and Cancer"" (cdc.gov/cancer/hpv/basic-information.html, reviewed 2024-09-17, checked 2026-09-19): ""13 HPV types can cause cervical cancer, and at least one of these types can cause cancers of the vulva, vagina, penis, anus, and certain head and neck cancers (specifically, the oropharynx, which includes the back of the throat, base of the tongue and tonsils).""",https://www.cdc.gov/cancer/hpv/basic-information.html,
hpv_associated,HPV-associated cancer,21060,exact,"CDC, ""Basic Information about HPV and Cancer"" (cdc.gov/cancer/hpv/basic-information.html, reviewed 2024-09-17, checked 2026-09-19): ""13 HPV types can cause cervical cancer, and at least one of these types can cause cancers of the vulva, vagina, penis, anus, and certain head and neck cancers (specifically, the oropharynx, which includes the back of the throat, base of the tongue and tonsils).""",https://www.cdc.gov/cancer/hpv/basic-information.html,
hpv_associated,HPV-associated cancer,20080,broader,"CDC, ""Basic Information about HPV and Cancer"" (cdc.gov/cancer/hpv/basic-information.html, reviewed 2024-09-17, checked 2026-09-19): ""13 HPV types can cause cervical cancer, and at least one of these types can cause cancers of the vulva, vagina, penis, anus, and certain head and neck cancers (specifically, the oropharynx, which includes the back of the throat, base of the tongue and tonsils).""",https://www.cdc.gov/cancer/hpv/basic-information.html,"CDC's 'oropharynx' is defined to include 'the back of the throat, base of the tongue and tonsils' -- SEER splits this across separate leaves (Oropharynx 20080, Tonsil 20070; base of tongue falls under Tongue 20020, which is NOT included here since SEER's Tongue code covers the whole tongue, not just its base, and including it would overstate the match). Both included codes are narrower than CDC's full definition, so marked 'broader' per #90's convention for a mismatch between a citation's granularity and SEER's site recode -- see also #90's own docstring."
hpv_associated,HPV-associated cancer,20070,broader,"CDC, ""Basic Information about HPV and Cancer"" (cdc.gov/cancer/hpv/basic-information.html, reviewed 2024-09-17, checked 2026-09-19): ""13 HPV types can cause cervical cancer, and at least one of these types can cause cancers of the vulva, vagina, penis, anus, and certain head and neck cancers (specifically, the oropharynx, which includes the back of the throat, base of the tongue and tonsils).""",https://www.cdc.gov/cancer/hpv/basic-information.html,"CDC's 'oropharynx' is defined to include 'the back of the throat, base of the tongue and tonsils' -- SEER splits this across separate leaves (Oropharynx 20080, Tonsil 20070; base of tongue falls under Tongue 20020, which is NOT included here since SEER's Tongue code covers the whole tongue, not just its base, and including it would overstate the match). Both included codes are narrower than CDC's full definition, so marked 'broader' per #90's convention for a mismatch between a citation's granularity and SEER's site recode -- see also #90's own docstring."
obesity_associated,Obesity-associated cancer,21010,broader,"CDC, ""Obesity and Cancer"" (cdc.gov/cancer/risk-factors/obesity.html, reviewed 2025-01-14, checked 2026-09-19): ""Adenocarcinoma of the esophagus. Breast (in women who have gone through menopause). Colon and rectum. Uterus. Gallbladder. Upper stomach. Kidneys. Liver. Ovaries. Pancreas. Thyroid. Meningioma (a type of brain cancer). Multiple myeloma."" Matches IARC's 2016 Handbooks Working Group sufficient-evidence list (Lauby-Secretan et al., NEJM 2016) -- no CDC/IARC disagreement on this list.",https://www.cdc.gov/cancer/risk-factors/obesity.html,CDC/IARC's claim is specifically adenocarcinoma of the esophagus; SEER's Esophagus code (21010) is not split by histology and also covers squamous cell and other esophageal cancers CDC does not name here.
obesity_associated,Obesity-associated cancer,26000,broader,"CDC, ""Obesity and Cancer"" (cdc.gov/cancer/risk-factors/obesity.html, reviewed 2025-01-14, checked 2026-09-19): ""Adenocarcinoma of the esophagus. Breast (in women who have gone through menopause). Colon and rectum. Uterus. Gallbladder. Upper stomach. Kidneys. Liver. Ovaries. Pancreas. Thyroid. Meningioma (a type of brain cancer). Multiple myeloma."" Matches IARC's 2016 Handbooks Working Group sufficient-evidence list (Lauby-Secretan et al., NEJM 2016) -- no CDC/IARC disagreement on this list.",https://www.cdc.gov/cancer/risk-factors/obesity.html,CDC restricts this to breast cancer 'in women who have gone through menopause'; SEER's Breast code (26000) is not split by sex or menopausal status.
obesity_associated,Obesity-associated cancer,21041,exact,"CDC, ""Obesity and Cancer"" (cdc.gov/cancer/risk-factors/obesity.html, reviewed 2025-01-14, checked 2026-09-19): ""Adenocarcinoma of the esophagus. Breast (in women who have gone through menopause). Colon and rectum. Uterus. Gallbladder. Upper stomach. Kidneys. Liver. Ovaries. Pancreas. Thyroid. Meningioma (a type of brain cancer). Multiple myeloma."" Matches IARC's 2016 Handbooks Working Group sufficient-evidence list (Lauby-Secretan et al., NEJM 2016) -- no CDC/IARC disagreement on this list.",https://www.cdc.gov/cancer/risk-factors/obesity.html,SCP combined category; SEER site recode 21041-21049+21051-21052 (excludes anus 21060) -- same constituent split as #90's cancer_site_ontology.csv.
obesity_associated,Obesity-associated cancer,21042,exact,"CDC, ""Obesity and Cancer"" (cdc.gov/cancer/risk-factors/obesity.html, reviewed 2025-01-14, checked 2026-09-19): ""Adenocarcinoma of the esophagus. Breast (in women who have gone through menopause). Colon and rectum. Uterus. Gallbladder. Upper stomach. Kidneys. Liver. Ovaries. Pancreas. Thyroid. Meningioma (a type of brain cancer). Multiple myeloma."" Matches IARC's 2016 Handbooks Working Group sufficient-evidence list (Lauby-Secretan et al., NEJM 2016) -- no CDC/IARC disagreement on this list.",https://www.cdc.gov/cancer/risk-factors/obesity.html,SCP combined category; SEER site recode 21041-21049+21051-21052 (excludes anus 21060) -- same constituent split as #90's cancer_site_ontology.csv.
obesity_associated,Obesity-associated cancer,21043,exact,"CDC, ""Obesity and Cancer"" (cdc.gov/cancer/risk-factors/obesity.html, reviewed 2025-01-14, checked 2026-09-19): ""Adenocarcinoma of the esophagus. Breast (in women who have gone through menopause). Colon and rectum. Uterus. Gallbladder. Upper stomach. Kidneys. Liver. Ovaries. Pancreas. Thyroid. Meningioma (a type of brain cancer). Multiple myeloma."" Matches IARC's 2016 Handbooks Working Group sufficient-evidence list (Lauby-Secretan et al., NEJM 2016) -- no CDC/IARC disagreement on this list.",https://www.cdc.gov/cancer/risk-factors/obesity.html,SCP combined category; SEER site recode 21041-21049+21051-21052 (excludes anus 21060) -- same constituent split as #90's cancer_site_ontology.csv.
obesity_associated,Obesity-associated cancer,21044,exact,"CDC, ""Obesity and Cancer"" (cdc.gov/cancer/risk-factors/obesity.html, reviewed 2025-01-14, checked 2026-09-19): ""Adenocarcinoma of the esophagus. Breast (in women who have gone through menopause). Colon and rectum. Uterus. Gallbladder. Upper stomach. Kidneys. Liver. Ovaries. Pancreas. Thyroid. Meningioma (a type of brain cancer). Multiple myeloma."" Matches IARC's 2016 Handbooks Working Group sufficient-evidence list (Lauby-Secretan et al., NEJM 2016) -- no CDC/IARC disagreement on this list.",https://www.cdc.gov/cancer/risk-factors/obesity.html,SCP combined category; SEER site recode 21041-21049+21051-21052 (excludes anus 21060) -- same constituent split as #90's cancer_site_ontology.csv.
obesity_associated,Obesity-associated cancer,21045,exact,"CDC, ""Obesity and Cancer"" (cdc.gov/cancer/risk-factors/obesity.html, reviewed 2025-01-14, checked 2026-09-19): ""Adenocarcinoma of the esophagus. Breast (in women who have gone through menopause). Colon and rectum. Uterus. Gallbladder. Upper stomach. Kidneys. Liver. Ovaries. Pancreas. Thyroid. Meningioma (a type of brain cancer). Multiple myeloma."" Matches IARC's 2016 Handbooks Working Group sufficient-evidence list (Lauby-Secretan et al., NEJM 2016) -- no CDC/IARC disagreement on this list.",https://www.cdc.gov/cancer/risk-factors/obesity.html,SCP combined category; SEER site recode 21041-21049+21051-21052 (excludes anus 21060) -- same constituent split as #90's cancer_site_ontology.csv.
obesity_associated,Obesity-associated cancer,21046,exact,"CDC, ""Obesity and Cancer"" (cdc.gov/cancer/risk-factors/obesity.html, reviewed 2025-01-14, checked 2026-09-19): ""Adenocarcinoma of the esophagus. Breast (in women who have gone through menopause). Colon and rectum. Uterus. Gallbladder. Upper stomach. Kidneys. Liver. Ovaries. Pancreas. Thyroid. Meningioma (a type of brain cancer). Multiple myeloma."" Matches IARC's 2016 Handbooks Working Group sufficient-evidence list (Lauby-Secretan et al., NEJM 2016) -- no CDC/IARC disagreement on this list.",https://www.cdc.gov/cancer/risk-factors/obesity.html,SCP combined category; SEER site recode 21041-21049+21051-21052 (excludes anus 21060) -- same constituent split as #90's cancer_site_ontology.csv.
obesity_associated,Obesity-associated cancer,21047,exact,"CDC, ""Obesity and Cancer"" (cdc.gov/cancer/risk-factors/obesity.html, reviewed 2025-01-14, checked 2026-09-19): ""Adenocarcinoma of the esophagus. Breast (in women who have gone through menopause). Colon and rectum. Uterus. Gallbladder. Upper stomach. Kidneys. Liver. Ovaries. Pancreas. Thyroid. Meningioma (a type of brain cancer). Multiple myeloma."" Matches IARC's 2016 Handbooks Working Group sufficient-evidence list (Lauby-Secretan et al., NEJM 2016) -- no CDC/IARC disagreement on this list.",https://www.cdc.gov/cancer/risk-factors/obesity.html,SCP combined category; SEER site recode 21041-21049+21051-21052 (excludes anus 21060) -- same constituent split as #90's cancer_site_ontology.csv.
obesity_associated,Obesity-associated cancer,21048,exact,"CDC, ""Obesity and Cancer"" (cdc.gov/cancer/risk-factors/obesity.html, reviewed 2025-01-14, checked 2026-09-19): ""Adenocarcinoma of the esophagus. Breast (in women who have gone through menopause). Colon and rectum. Uterus. Gallbladder. Upper stomach. Kidneys. Liver. Ovaries. Pancreas. Thyroid. Meningioma (a type of brain cancer). Multiple myeloma."" Matches IARC's 2016 Handbooks Working Group sufficient-evidence list (Lauby-Secretan et al., NEJM 2016) -- no CDC/IARC disagreement on this list.",https://www.cdc.gov/cancer/risk-factors/obesity.html,SCP combined category; SEER site recode 21041-21049+21051-21052 (excludes anus 21060) -- same constituent split as #90's cancer_site_ontology.csv.
obesity_associated,Obesity-associated cancer,21049,exact,"CDC, ""Obesity and Cancer"" (cdc.gov/cancer/risk-factors/obesity.html, reviewed 2025-01-14, checked 2026-09-19): ""Adenocarcinoma of the esophagus. Breast (in women who have gone through menopause). Colon and rectum. Uterus. Gallbladder. Upper stomach. Kidneys. Liver. Ovaries. Pancreas. Thyroid. Meningioma (a type of brain cancer). Multiple myeloma."" Matches IARC's 2016 Handbooks Working Group sufficient-evidence list (Lauby-Secretan et al., NEJM 2016) -- no CDC/IARC disagreement on this list.",https://www.cdc.gov/cancer/risk-factors/obesity.html,SCP combined category; SEER site recode 21041-21049+21051-21052 (excludes anus 21060) -- same constituent split as #90's cancer_site_ontology.csv.
obesity_associated,Obesity-associated cancer,21051,exact,"CDC, ""Obesity and Cancer"" (cdc.gov/cancer/risk-factors/obesity.html, reviewed 2025-01-14, checked 2026-09-19): ""Adenocarcinoma of the esophagus. Breast (in women who have gone through menopause). Colon and rectum. Uterus. Gallbladder. Upper stomach. Kidneys. Liver. Ovaries. Pancreas. Thyroid. Meningioma (a type of brain cancer). Multiple myeloma."" Matches IARC's 2016 Handbooks Working Group sufficient-evidence list (Lauby-Secretan et al., NEJM 2016) -- no CDC/IARC disagreement on this list.",https://www.cdc.gov/cancer/risk-factors/obesity.html,SCP combined category; SEER site recode 21041-21049+21051-21052 (excludes anus 21060) -- same constituent split as #90's cancer_site_ontology.csv.
obesity_associated,Obesity-associated cancer,21052,exact,"CDC, ""Obesity and Cancer"" (cdc.gov/cancer/risk-factors/obesity.html, reviewed 2025-01-14, checked 2026-09-19): ""Adenocarcinoma of the esophagus. Breast (in women who have gone through menopause). Colon and rectum. Uterus. Gallbladder. Upper stomach. Kidneys. Liver. Ovaries. Pancreas. Thyroid. Meningioma (a type of brain cancer). Multiple myeloma."" Matches IARC's 2016 Handbooks Working Group sufficient-evidence list (Lauby-Secretan et al., NEJM 2016) -- no CDC/IARC disagreement on this list.",https://www.cdc.gov/cancer/risk-factors/obesity.html,SCP combined category; SEER site recode 21041-21049+21051-21052 (excludes anus 21060) -- same constituent split as #90's cancer_site_ontology.csv.
obesity_associated,Obesity-associated cancer,27020,exact,"CDC, ""Obesity and Cancer"" (cdc.gov/cancer/risk-factors/obesity.html, reviewed 2025-01-14, checked 2026-09-19): ""Adenocarcinoma of the esophagus. Breast (in women who have gone through menopause). Colon and rectum. Uterus. Gallbladder. Upper stomach. Kidneys. Liver. Ovaries. Pancreas. Thyroid. Meningioma (a type of brain cancer). Multiple myeloma."" Matches IARC's 2016 Handbooks Working Group sufficient-evidence list (Lauby-Secretan et al., NEJM 2016) -- no CDC/IARC disagreement on this list.",https://www.cdc.gov/cancer/risk-factors/obesity.html,"CDC names 'Uterus'; matches SCP/SEER's 'Corpus and Uterus, NOS' combined category at the same granularity (27020 Corpus Uteri + 27030 Uterus, NOS)."
obesity_associated,Obesity-associated cancer,27030,exact,"CDC, ""Obesity and Cancer"" (cdc.gov/cancer/risk-factors/obesity.html, reviewed 2025-01-14, checked 2026-09-19): ""Adenocarcinoma of the esophagus. Breast (in women who have gone through menopause). Colon and rectum. Uterus. Gallbladder. Upper stomach. Kidneys. Liver. Ovaries. Pancreas. Thyroid. Meningioma (a type of brain cancer). Multiple myeloma."" Matches IARC's 2016 Handbooks Working Group sufficient-evidence list (Lauby-Secretan et al., NEJM 2016) -- no CDC/IARC disagreement on this list.",https://www.cdc.gov/cancer/risk-factors/obesity.html,"CDC names 'Uterus'; matches SCP/SEER's 'Corpus and Uterus, NOS' combined category at the same granularity (27020 Corpus Uteri + 27030 Uterus, NOS)."
obesity_associated,Obesity-associated cancer,21080,exact,"CDC, ""Obesity and Cancer"" (cdc.gov/cancer/risk-factors/obesity.html, reviewed 2025-01-14, checked 2026-09-19): ""Adenocarcinoma of the esophagus. Breast (in women who have gone through menopause). Colon and rectum. Uterus. Gallbladder. Upper stomach. Kidneys. Liver. Ovaries. Pancreas. Thyroid. Meningioma (a type of brain cancer). Multiple myeloma."" Matches IARC's 2016 Handbooks Working Group sufficient-evidence list (Lauby-Secretan et al., NEJM 2016) -- no CDC/IARC disagreement on this list.",https://www.cdc.gov/cancer/risk-factors/obesity.html,
obesity_associated,Obesity-associated cancer,21020,broader,"CDC, ""Obesity and Cancer"" (cdc.gov/cancer/risk-factors/obesity.html, reviewed 2025-01-14, checked 2026-09-19): ""Adenocarcinoma of the esophagus. Breast (in women who have gone through menopause). Colon and rectum. Uterus. Gallbladder. Upper stomach. Kidneys. Liver. Ovaries. Pancreas. Thyroid. Meningioma (a type of brain cancer). Multiple myeloma."" Matches IARC's 2016 Handbooks Working Group sufficient-evidence list (Lauby-Secretan et al., NEJM 2016) -- no CDC/IARC disagreement on this list.",https://www.cdc.gov/cancer/risk-factors/obesity.html,CDC/IARC's claim is specifically gastric cardia (upper stomach) adenocarcinoma; SEER's Stomach code (21020) is not split by subsite and also covers non-cardia stomach cancer CDC does not name here.
obesity_associated,Obesity-associated cancer,29020,exact,"CDC, ""Obesity and Cancer"" (cdc.gov/cancer/risk-factors/obesity.html, reviewed 2025-01-14, checked 2026-09-19): ""Adenocarcinoma of the esophagus. Breast (in women who have gone through menopause). Colon and rectum. Uterus. Gallbladder. Upper stomach. Kidneys. Liver. Ovaries. Pancreas. Thyroid. Meningioma (a type of brain cancer). Multiple myeloma."" Matches IARC's 2016 Handbooks Working Group sufficient-evidence list (Lauby-Secretan et al., NEJM 2016) -- no CDC/IARC disagreement on this list.",https://www.cdc.gov/cancer/risk-factors/obesity.html,
obesity_associated,Obesity-associated cancer,21071,exact,"CDC, ""Obesity and Cancer"" (cdc.gov/cancer/risk-factors/obesity.html, reviewed 2025-01-14, checked 2026-09-19): ""Adenocarcinoma of the esophagus. Breast (in women who have gone through menopause). Colon and rectum. Uterus. Gallbladder. Upper stomach. Kidneys. Liver. Ovaries. Pancreas. Thyroid. Meningioma (a type of brain cancer). Multiple myeloma."" Matches IARC's 2016 Handbooks Working Group sufficient-evidence list (Lauby-Secretan et al., NEJM 2016) -- no CDC/IARC disagreement on this list.",https://www.cdc.gov/cancer/risk-factors/obesity.html,
obesity_associated,Obesity-associated cancer,27040,exact,"CDC, ""Obesity and Cancer"" (cdc.gov/cancer/risk-factors/obesity.html, reviewed 2025-01-14, checked 2026-09-19): ""Adenocarcinoma of the esophagus. Breast (in women who have gone through menopause). Colon and rectum. Uterus. Gallbladder. Upper stomach. Kidneys. Liver. Ovaries. Pancreas. Thyroid. Meningioma (a type of brain cancer). Multiple myeloma."" Matches IARC's 2016 Handbooks Working Group sufficient-evidence list (Lauby-Secretan et al., NEJM 2016) -- no CDC/IARC disagreement on this list.",https://www.cdc.gov/cancer/risk-factors/obesity.html,
obesity_associated,Obesity-associated cancer,21100,exact,"CDC, ""Obesity and Cancer"" (cdc.gov/cancer/risk-factors/obesity.html, reviewed 2025-01-14, checked 2026-09-19): ""Adenocarcinoma of the esophagus. Breast (in women who have gone through menopause). Colon and rectum. Uterus. Gallbladder. Upper stomach. Kidneys. Liver. Ovaries. Pancreas. Thyroid. Meningioma (a type of brain cancer). Multiple myeloma."" Matches IARC's 2016 Handbooks Working Group sufficient-evidence list (Lauby-Secretan et al., NEJM 2016) -- no CDC/IARC disagreement on this list.",https://www.cdc.gov/cancer/risk-factors/obesity.html,
obesity_associated,Obesity-associated cancer,32010,exact,"CDC, ""Obesity and Cancer"" (cdc.gov/cancer/risk-factors/obesity.html, reviewed 2025-01-14, checked 2026-09-19): ""Adenocarcinoma of the esophagus. Breast (in women who have gone through menopause). Colon and rectum. Uterus. Gallbladder. Upper stomach. Kidneys. Liver. Ovaries. Pancreas. Thyroid. Meningioma (a type of brain cancer). Multiple myeloma."" Matches IARC's 2016 Handbooks Working Group sufficient-evidence list (Lauby-Secretan et al., NEJM 2016) -- no CDC/IARC disagreement on this list.",https://www.cdc.gov/cancer/risk-factors/obesity.html,
obesity_associated,Obesity-associated cancer,31010,broader,"CDC, ""Obesity and Cancer"" (cdc.gov/cancer/risk-factors/obesity.html, reviewed 2025-01-14, checked 2026-09-19): ""Adenocarcinoma of the esophagus. Breast (in women who have gone through menopause). Colon and rectum. Uterus. Gallbladder. Upper stomach. Kidneys. Liver. Ovaries. Pancreas. Thyroid. Meningioma (a type of brain cancer). Multiple myeloma."" Matches IARC's 2016 Handbooks Working Group sufficient-evidence list (Lauby-Secretan et al., NEJM 2016) -- no CDC/IARC disagreement on this list.",https://www.cdc.gov/cancer/risk-factors/obesity.html,"CDC names meningioma specifically, a histology that is usually benign and, when malignant, has no SEER site-recode leaf of its own -- only the combined Brain and Other Nervous System code, which also covers every other brain/ONS histology CDC does not name here."
obesity_associated,Obesity-associated cancer,31040,broader,"CDC, ""Obesity and Cancer"" (cdc.gov/cancer/risk-factors/obesity.html, reviewed 2025-01-14, checked 2026-09-19): ""Adenocarcinoma of the esophagus. Breast (in women who have gone through menopause). Colon and rectum. Uterus. Gallbladder. Upper stomach. Kidneys. Liver. Ovaries. Pancreas. Thyroid. Meningioma (a type of brain cancer). Multiple myeloma."" Matches IARC's 2016 Handbooks Working Group sufficient-evidence list (Lauby-Secretan et al., NEJM 2016) -- no CDC/IARC disagreement on this list.",https://www.cdc.gov/cancer/risk-factors/obesity.html,"CDC names meningioma specifically, a histology that is usually benign and, when malignant, has no SEER site-recode leaf of its own -- only the combined Brain and Other Nervous System code, which also covers every other brain/ONS histology CDC does not name here."
obesity_associated,Obesity-associated cancer,34000,exact,"CDC, ""Obesity and Cancer"" (cdc.gov/cancer/risk-factors/obesity.html, reviewed 2025-01-14, checked 2026-09-19): ""Adenocarcinoma of the esophagus. Breast (in women who have gone through menopause). Colon and rectum. Uterus. Gallbladder. Upper stomach. Kidneys. Liver. Ovaries. Pancreas. Thyroid. Meningioma (a type of brain cancer). Multiple myeloma."" Matches IARC's 2016 Handbooks Working Group sufficient-evidence list (Lauby-Secretan et al., NEJM 2016) -- no CDC/IARC disagreement on this list.",https://www.cdc.gov/cancer/risk-factors/obesity.html,
alcohol_associated,Alcohol-associated cancer,20010,broader,"CDC, ""Alcohol and Cancer"" (cdc.gov/cancer/risk-factors/alcohol.html, updated 2026-01-29, checked 2026-09-19): ""Drinking alcohol raises your risk of getting several kinds of cancer: Mouth, Throat (pharynx), Voice box (larynx), Esophagus, Colon and rectum, Liver, Breast (in women)."" Matches IARC's Group 1 sufficient-evidence sites for alcohol.",https://www.cdc.gov/cancer/risk-factors/alcohol.html,"CDC names the plain-language site 'Mouth and throat' (tobacco) / 'Mouth, Throat (pharynx)' (alcohol) without itemizing subsites; SEER site recode splits Oral Cavity and Pharynx into 10 leaf codes with no single combined code. All 10 are listed as constituents, each 'broader' than what the citation names on its own."
alcohol_associated,Alcohol-associated cancer,20020,broader,"CDC, ""Alcohol and Cancer"" (cdc.gov/cancer/risk-factors/alcohol.html, updated 2026-01-29, checked 2026-09-19): ""Drinking alcohol raises your risk of getting several kinds of cancer: Mouth, Throat (pharynx), Voice box (larynx), Esophagus, Colon and rectum, Liver, Breast (in women)."" Matches IARC's Group 1 sufficient-evidence sites for alcohol.",https://www.cdc.gov/cancer/risk-factors/alcohol.html,"CDC names the plain-language site 'Mouth and throat' (tobacco) / 'Mouth, Throat (pharynx)' (alcohol) without itemizing subsites; SEER site recode splits Oral Cavity and Pharynx into 10 leaf codes with no single combined code. All 10 are listed as constituents, each 'broader' than what the citation names on its own."
alcohol_associated,Alcohol-associated cancer,20030,broader,"CDC, ""Alcohol and Cancer"" (cdc.gov/cancer/risk-factors/alcohol.html, updated 2026-01-29, checked 2026-09-19): ""Drinking alcohol raises your risk of getting several kinds of cancer: Mouth, Throat (pharynx), Voice box (larynx), Esophagus, Colon and rectum, Liver, Breast (in women)."" Matches IARC's Group 1 sufficient-evidence sites for alcohol.",https://www.cdc.gov/cancer/risk-factors/alcohol.html,"CDC names the plain-language site 'Mouth and throat' (tobacco) / 'Mouth, Throat (pharynx)' (alcohol) without itemizing subsites; SEER site recode splits Oral Cavity and Pharynx into 10 leaf codes with no single combined code. All 10 are listed as constituents, each 'broader' than what the citation names on its own."
alcohol_associated,Alcohol-associated cancer,20040,broader,"CDC, ""Alcohol and Cancer"" (cdc.gov/cancer/risk-factors/alcohol.html, updated 2026-01-29, checked 2026-09-19): ""Drinking alcohol raises your risk of getting several kinds of cancer: Mouth, Throat (pharynx), Voice box (larynx), Esophagus, Colon and rectum, Liver, Breast (in women)."" Matches IARC's Group 1 sufficient-evidence sites for alcohol.",https://www.cdc.gov/cancer/risk-factors/alcohol.html,"CDC names the plain-language site 'Mouth and throat' (tobacco) / 'Mouth, Throat (pharynx)' (alcohol) without itemizing subsites; SEER site recode splits Oral Cavity and Pharynx into 10 leaf codes with no single combined code. All 10 are listed as constituents, each 'broader' than what the citation names on its own."
alcohol_associated,Alcohol-associated cancer,20050,broader,"CDC, ""Alcohol and Cancer"" (cdc.gov/cancer/risk-factors/alcohol.html, updated 2026-01-29, checked 2026-09-19): ""Drinking alcohol raises your risk of getting several kinds of cancer: Mouth, Throat (pharynx), Voice box (larynx), Esophagus, Colon and rectum, Liver, Breast (in women)."" Matches IARC's Group 1 sufficient-evidence sites for alcohol.",https://www.cdc.gov/cancer/risk-factors/alcohol.html,"CDC names the plain-language site 'Mouth and throat' (tobacco) / 'Mouth, Throat (pharynx)' (alcohol) without itemizing subsites; SEER site recode splits Oral Cavity and Pharynx into 10 leaf codes with no single combined code. All 10 are listed as constituents, each 'broader' than what the citation names on its own."
alcohol_associated,Alcohol-associated cancer,20060,broader,"CDC, ""Alcohol and Cancer"" (cdc.gov/cancer/risk-factors/alcohol.html, updated 2026-01-29, checked 2026-09-19): ""Drinking alcohol raises your risk of getting several kinds of cancer: Mouth, Throat (pharynx), Voice box (larynx), Esophagus, Colon and rectum, Liver, Breast (in women)."" Matches IARC's Group 1 sufficient-evidence sites for alcohol.",https://www.cdc.gov/cancer/risk-factors/alcohol.html,"CDC names the plain-language site 'Mouth and throat' (tobacco) / 'Mouth, Throat (pharynx)' (alcohol) without itemizing subsites; SEER site recode splits Oral Cavity and Pharynx into 10 leaf codes with no single combined code. All 10 are listed as constituents, each 'broader' than what the citation names on its own."
alcohol_associated,Alcohol-associated cancer,20070,broader,"CDC, ""Alcohol and Cancer"" (cdc.gov/cancer/risk-factors/alcohol.html, updated 2026-01-29, checked 2026-09-19): ""Drinking alcohol raises your risk of getting several kinds of cancer: Mouth, Throat (pharynx), Voice box (larynx), Esophagus, Colon and rectum, Liver, Breast (in women)."" Matches IARC's Group 1 sufficient-evidence sites for alcohol.",https://www.cdc.gov/cancer/risk-factors/alcohol.html,"CDC names the plain-language site 'Mouth and throat' (tobacco) / 'Mouth, Throat (pharynx)' (alcohol) without itemizing subsites; SEER site recode splits Oral Cavity and Pharynx into 10 leaf codes with no single combined code. All 10 are listed as constituents, each 'broader' than what the citation names on its own."
alcohol_associated,Alcohol-associated cancer,20080,broader,"CDC, ""Alcohol and Cancer"" (cdc.gov/cancer/risk-factors/alcohol.html, updated 2026-01-29, checked 2026-09-19): ""Drinking alcohol raises your risk of getting several kinds of cancer: Mouth, Throat (pharynx), Voice box (larynx), Esophagus, Colon and rectum, Liver, Breast (in women)."" Matches IARC's Group 1 sufficient-evidence sites for alcohol.",https://www.cdc.gov/cancer/risk-factors/alcohol.html,"CDC names the plain-language site 'Mouth and throat' (tobacco) / 'Mouth, Throat (pharynx)' (alcohol) without itemizing subsites; SEER site recode splits Oral Cavity and Pharynx into 10 leaf codes with no single combined code. All 10 are listed as constituents, each 'broader' than what the citation names on its own."
alcohol_associated,Alcohol-associated cancer,20090,broader,"CDC, ""Alcohol and Cancer"" (cdc.gov/cancer/risk-factors/alcohol.html, updated 2026-01-29, checked 2026-09-19): ""Drinking alcohol raises your risk of getting several kinds of cancer: Mouth, Throat (pharynx), Voice box (larynx), Esophagus, Colon and rectum, Liver, Breast (in women)."" Matches IARC's Group 1 sufficient-evidence sites for alcohol.",https://www.cdc.gov/cancer/risk-factors/alcohol.html,"CDC names the plain-language site 'Mouth and throat' (tobacco) / 'Mouth, Throat (pharynx)' (alcohol) without itemizing subsites; SEER site recode splits Oral Cavity and Pharynx into 10 leaf codes with no single combined code. All 10 are listed as constituents, each 'broader' than what the citation names on its own."
alcohol_associated,Alcohol-associated cancer,20100,broader,"CDC, ""Alcohol and Cancer"" (cdc.gov/cancer/risk-factors/alcohol.html, updated 2026-01-29, checked 2026-09-19): ""Drinking alcohol raises your risk of getting several kinds of cancer: Mouth, Throat (pharynx), Voice box (larynx), Esophagus, Colon and rectum, Liver, Breast (in women)."" Matches IARC's Group 1 sufficient-evidence sites for alcohol.",https://www.cdc.gov/cancer/risk-factors/alcohol.html,"CDC names the plain-language site 'Mouth and throat' (tobacco) / 'Mouth, Throat (pharynx)' (alcohol) without itemizing subsites; SEER site recode splits Oral Cavity and Pharynx into 10 leaf codes with no single combined code. All 10 are listed as constituents, each 'broader' than what the citation names on its own."
alcohol_associated,Alcohol-associated cancer,22020,exact,"CDC, ""Alcohol and Cancer"" (cdc.gov/cancer/risk-factors/alcohol.html, updated 2026-01-29, checked 2026-09-19): ""Drinking alcohol raises your risk of getting several kinds of cancer: Mouth, Throat (pharynx), Voice box (larynx), Esophagus, Colon and rectum, Liver, Breast (in women)."" Matches IARC's Group 1 sufficient-evidence sites for alcohol.",https://www.cdc.gov/cancer/risk-factors/alcohol.html,
alcohol_associated,Alcohol-associated cancer,21010,exact,"CDC, ""Alcohol and Cancer"" (cdc.gov/cancer/risk-factors/alcohol.html, updated 2026-01-29, checked 2026-09-19): ""Drinking alcohol raises your risk of getting several kinds of cancer: Mouth, Throat (pharynx), Voice box (larynx), Esophagus, Colon and rectum, Liver, Breast (in women)."" Matches IARC's Group 1 sufficient-evidence sites for alcohol.",https://www.cdc.gov/cancer/risk-factors/alcohol.html,
alcohol_associated,Alcohol-associated cancer,21041,exact,"CDC, ""Alcohol and Cancer"" (cdc.gov/cancer/risk-factors/alcohol.html, updated 2026-01-29, checked 2026-09-19): ""Drinking alcohol raises your risk of getting several kinds of cancer: Mouth, Throat (pharynx), Voice box (larynx), Esophagus, Colon and rectum, Liver, Breast (in women)."" Matches IARC's Group 1 sufficient-evidence sites for alcohol.",https://www.cdc.gov/cancer/risk-factors/alcohol.html,SCP combined category; SEER site recode 21041-21049+21051-21052 (excludes anus 21060) -- same constituent split as #90's cancer_site_ontology.csv.
alcohol_associated,Alcohol-associated cancer,21042,exact,"CDC, ""Alcohol and Cancer"" (cdc.gov/cancer/risk-factors/alcohol.html, updated 2026-01-29, checked 2026-09-19): ""Drinking alcohol raises your risk of getting several kinds of cancer: Mouth, Throat (pharynx), Voice box (larynx), Esophagus, Colon and rectum, Liver, Breast (in women)."" Matches IARC's Group 1 sufficient-evidence sites for alcohol.",https://www.cdc.gov/cancer/risk-factors/alcohol.html,SCP combined category; SEER site recode 21041-21049+21051-21052 (excludes anus 21060) -- same constituent split as #90's cancer_site_ontology.csv.
alcohol_associated,Alcohol-associated cancer,21043,exact,"CDC, ""Alcohol and Cancer"" (cdc.gov/cancer/risk-factors/alcohol.html, updated 2026-01-29, checked 2026-09-19): ""Drinking alcohol raises your risk of getting several kinds of cancer: Mouth, Throat (pharynx), Voice box (larynx), Esophagus, Colon and rectum, Liver, Breast (in women)."" Matches IARC's Group 1 sufficient-evidence sites for alcohol.",https://www.cdc.gov/cancer/risk-factors/alcohol.html,SCP combined category; SEER site recode 21041-21049+21051-21052 (excludes anus 21060) -- same constituent split as #90's cancer_site_ontology.csv.
alcohol_associated,Alcohol-associated cancer,21044,exact,"CDC, ""Alcohol and Cancer"" (cdc.gov/cancer/risk-factors/alcohol.html, updated 2026-01-29, checked 2026-09-19): ""Drinking alcohol raises your risk of getting several kinds of cancer: Mouth, Throat (pharynx), Voice box (larynx), Esophagus, Colon and rectum, Liver, Breast (in women)."" Matches IARC's Group 1 sufficient-evidence sites for alcohol.",https://www.cdc.gov/cancer/risk-factors/alcohol.html,SCP combined category; SEER site recode 21041-21049+21051-21052 (excludes anus 21060) -- same constituent split as #90's cancer_site_ontology.csv.
alcohol_associated,Alcohol-associated cancer,21045,exact,"CDC, ""Alcohol and Cancer"" (cdc.gov/cancer/risk-factors/alcohol.html, updated 2026-01-29, checked 2026-09-19): ""Drinking alcohol raises your risk of getting several kinds of cancer: Mouth, Throat (pharynx), Voice box (larynx), Esophagus, Colon and rectum, Liver, Breast (in women)."" Matches IARC's Group 1 sufficient-evidence sites for alcohol.",https://www.cdc.gov/cancer/risk-factors/alcohol.html,SCP combined category; SEER site recode 21041-21049+21051-21052 (excludes anus 21060) -- same constituent split as #90's cancer_site_ontology.csv.
alcohol_associated,Alcohol-associated cancer,21046,exact,"CDC, ""Alcohol and Cancer"" (cdc.gov/cancer/risk-factors/alcohol.html, updated 2026-01-29, checked 2026-09-19): ""Drinking alcohol raises your risk of getting several kinds of cancer: Mouth, Throat (pharynx), Voice box (larynx), Esophagus, Colon and rectum, Liver, Breast (in women)."" Matches IARC's Group 1 sufficient-evidence sites for alcohol.",https://www.cdc.gov/cancer/risk-factors/alcohol.html,SCP combined category; SEER site recode 21041-21049+21051-21052 (excludes anus 21060) -- same constituent split as #90's cancer_site_ontology.csv.
alcohol_associated,Alcohol-associated cancer,21047,exact,"CDC, ""Alcohol and Cancer"" (cdc.gov/cancer/risk-factors/alcohol.html, updated 2026-01-29, checked 2026-09-19): ""Drinking alcohol raises your risk of getting several kinds of cancer: Mouth, Throat (pharynx), Voice box (larynx), Esophagus, Colon and rectum, Liver, Breast (in women)."" Matches IARC's Group 1 sufficient-evidence sites for alcohol.",https://www.cdc.gov/cancer/risk-factors/alcohol.html,SCP combined category; SEER site recode 21041-21049+21051-21052 (excludes anus 21060) -- same constituent split as #90's cancer_site_ontology.csv.
alcohol_associated,Alcohol-associated cancer,21048,exact,"CDC, ""Alcohol and Cancer"" (cdc.gov/cancer/risk-factors/alcohol.html, updated 2026-01-29, checked 2026-09-19): ""Drinking alcohol raises your risk of getting several kinds of cancer: Mouth, Throat (pharynx), Voice box (larynx), Esophagus, Colon and rectum, Liver, Breast (in women)."" Matches IARC's Group 1 sufficient-evidence sites for alcohol.",https://www.cdc.gov/cancer/risk-factors/alcohol.html,SCP combined category; SEER site recode 21041-21049+21051-21052 (excludes anus 21060) -- same constituent split as #90's cancer_site_ontology.csv.
alcohol_associated,Alcohol-associated cancer,21049,exact,"CDC, ""Alcohol and Cancer"" (cdc.gov/cancer/risk-factors/alcohol.html, updated 2026-01-29, checked 2026-09-19): ""Drinking alcohol raises your risk of getting several kinds of cancer: Mouth, Throat (pharynx), Voice box (larynx), Esophagus, Colon and rectum, Liver, Breast (in women)."" Matches IARC's Group 1 sufficient-evidence sites for alcohol.",https://www.cdc.gov/cancer/risk-factors/alcohol.html,SCP combined category; SEER site recode 21041-21049+21051-21052 (excludes anus 21060) -- same constituent split as #90's cancer_site_ontology.csv.
alcohol_associated,Alcohol-associated cancer,21051,exact,"CDC, ""Alcohol and Cancer"" (cdc.gov/cancer/risk-factors/alcohol.html, updated 2026-01-29, checked 2026-09-19): ""Drinking alcohol raises your risk of getting several kinds of cancer: Mouth, Throat (pharynx), Voice box (larynx), Esophagus, Colon and rectum, Liver, Breast (in women)."" Matches IARC's Group 1 sufficient-evidence sites for alcohol.",https://www.cdc.gov/cancer/risk-factors/alcohol.html,SCP combined category; SEER site recode 21041-21049+21051-21052 (excludes anus 21060) -- same constituent split as #90's cancer_site_ontology.csv.
alcohol_associated,Alcohol-associated cancer,21052,exact,"CDC, ""Alcohol and Cancer"" (cdc.gov/cancer/risk-factors/alcohol.html, updated 2026-01-29, checked 2026-09-19): ""Drinking alcohol raises your risk of getting several kinds of cancer: Mouth, Throat (pharynx), Voice box (larynx), Esophagus, Colon and rectum, Liver, Breast (in women)."" Matches IARC's Group 1 sufficient-evidence sites for alcohol.",https://www.cdc.gov/cancer/risk-factors/alcohol.html,SCP combined category; SEER site recode 21041-21049+21051-21052 (excludes anus 21060) -- same constituent split as #90's cancer_site_ontology.csv.
alcohol_associated,Alcohol-associated cancer,21071,exact,"CDC, ""Alcohol and Cancer"" (cdc.gov/cancer/risk-factors/alcohol.html, updated 2026-01-29, checked 2026-09-19): ""Drinking alcohol raises your risk of getting several kinds of cancer: Mouth, Throat (pharynx), Voice box (larynx), Esophagus, Colon and rectum, Liver, Breast (in women)."" Matches IARC's Group 1 sufficient-evidence sites for alcohol.",https://www.cdc.gov/cancer/risk-factors/alcohol.html,
alcohol_associated,Alcohol-associated cancer,26000,broader,"CDC, ""Alcohol and Cancer"" (cdc.gov/cancer/risk-factors/alcohol.html, updated 2026-01-29, checked 2026-09-19): ""Drinking alcohol raises your risk of getting several kinds of cancer: Mouth, Throat (pharynx), Voice box (larynx), Esophagus, Colon and rectum, Liver, Breast (in women)."" Matches IARC's Group 1 sufficient-evidence sites for alcohol.",https://www.cdc.gov/cancer/risk-factors/alcohol.html,CDC restricts this to breast cancer 'in women'; SEER's Breast code (26000) is not split by sex.
alcohol_associated_limited_evidence,Alcohol-associated cancer (limited evidence),21020,exact,"CDC, ""Alcohol and Cancer"" (cdc.gov/cancer/risk-factors/alcohol.html, updated 2026-01-29, checked 2026-09-19): ""Some studies show that drinking three or more drinks that contain alcohol per day increases the risk of stomach and pancreatic cancers. Drinking alcohol may also increase prostate cancer risk."" -- CDC's own hedging language ('some studies show', 'may also'), explicitly weaker than its plain, unqualified causal statement for the 7 sites in alcohol_associated; kept as a separate group rather than flattened into it.",https://www.cdc.gov/cancer/risk-factors/alcohol.html,
alcohol_associated_limited_evidence,Alcohol-associated cancer (limited evidence),21100,exact,"CDC, ""Alcohol and Cancer"" (cdc.gov/cancer/risk-factors/alcohol.html, updated 2026-01-29, checked 2026-09-19): ""Some studies show that drinking three or more drinks that contain alcohol per day increases the risk of stomach and pancreatic cancers. Drinking alcohol may also increase prostate cancer risk."" -- CDC's own hedging language ('some studies show', 'may also'), explicitly weaker than its plain, unqualified causal statement for the 7 sites in alcohol_associated; kept as a separate group rather than flattened into it.",https://www.cdc.gov/cancer/risk-factors/alcohol.html,
alcohol_associated_limited_evidence,Alcohol-associated cancer (limited evidence),28010,exact,"CDC, ""Alcohol and Cancer"" (cdc.gov/cancer/risk-factors/alcohol.html, updated 2026-01-29, checked 2026-09-19): ""Some studies show that drinking three or more drinks that contain alcohol per day increases the risk of stomach and pancreatic cancers. Drinking alcohol may also increase prostate cancer risk."" -- CDC's own hedging language ('some studies show', 'may also'), explicitly weaker than its plain, unqualified causal statement for the 7 sites in alcohol_associated; kept as a separate group rather than flattened into it.",https://www.cdc.gov/cancer/risk-factors/alcohol.html,
uspstf_screenable,USPSTF-recommended cancer screening,26000,exact,"USPSTF, ""Breast Cancer: Screening"" (uspreventiveservicestaskforce.org/uspstf/recommendation/breast-cancer-screening, published 2024-04-30, checked 2026-09-19), Grade B: ""The USPSTF recommends biennial screening mammography for women aged 40 to 74 years.""",https://www.uspreventiveservicestaskforce.org/uspstf/recommendation/breast-cancer-screening,Grade B applies to ages 40-74; screening 75+ is Grade I (current evidence insufficient) and is not included here.
uspstf_screenable,USPSTF-recommended cancer screening,27010,exact,"USPSTF, ""Cervical Cancer: Screening"" (uspreventiveservicestaskforce.org/uspstf/recommendation/cervical-cancer-screening, published 2018-08-21, checked 2026-09-19), Grade A: ""The USPSTF recommends screening for cervical cancer every 3 years with cervical cytology alone in women aged 21 to 29 years. For women aged 30 to 65 years, the USPSTF recommends screening every 3 years with cervical cytology alone, every 5 years with high-risk human papillomavirus (hrHPV) testing alone, or every 5 years with hrHPV testing in combination with cytology (cotesting).""",https://www.uspreventiveservicestaskforce.org/uspstf/recommendation/cervical-cancer-screening,
uspstf_screenable,USPSTF-recommended cancer screening,21041,exact,"USPSTF, ""Colorectal Cancer: Screening"" (uspreventiveservicestaskforce.org/uspstf/recommendation/colorectal-cancer-screening, published 2021-05-18, checked 2026-09-19), Grade A (50-75): ""The USPSTF recommends screening for colorectal cancer in all adults aged 50 to 75 years."" Grade B (45-49): ""The USPSTF recommends screening for colorectal cancer in adults aged 45 to 49 years.""",https://www.uspreventiveservicestaskforce.org/uspstf/recommendation/colorectal-cancer-screening,"SCP combined category; SEER site recode 21041-21049+21051-21052 (excludes anus 21060) -- same constituent split as #90's cancer_site_ontology.csv. Grade differs by age band (A for 50-75, B for 45-49); ages 76-85 are Grade C (selective, clinician judgement) and are not included here."
uspstf_screenable,USPSTF-recommended cancer screening,21042,exact,"USPSTF, ""Colorectal Cancer: Screening"" (uspreventiveservicestaskforce.org/uspstf/recommendation/colorectal-cancer-screening, published 2021-05-18, checked 2026-09-19), Grade A (50-75): ""The USPSTF recommends screening for colorectal cancer in all adults aged 50 to 75 years."" Grade B (45-49): ""The USPSTF recommends screening for colorectal cancer in adults aged 45 to 49 years.""",https://www.uspreventiveservicestaskforce.org/uspstf/recommendation/colorectal-cancer-screening,"SCP combined category; SEER site recode 21041-21049+21051-21052 (excludes anus 21060) -- same constituent split as #90's cancer_site_ontology.csv. Grade differs by age band (A for 50-75, B for 45-49); ages 76-85 are Grade C (selective, clinician judgement) and are not included here."
uspstf_screenable,USPSTF-recommended cancer screening,21043,exact,"USPSTF, ""Colorectal Cancer: Screening"" (uspreventiveservicestaskforce.org/uspstf/recommendation/colorectal-cancer-screening, published 2021-05-18, checked 2026-09-19), Grade A (50-75): ""The USPSTF recommends screening for colorectal cancer in all adults aged 50 to 75 years."" Grade B (45-49): ""The USPSTF recommends screening for colorectal cancer in adults aged 45 to 49 years.""",https://www.uspreventiveservicestaskforce.org/uspstf/recommendation/colorectal-cancer-screening,"SCP combined category; SEER site recode 21041-21049+21051-21052 (excludes anus 21060) -- same constituent split as #90's cancer_site_ontology.csv. Grade differs by age band (A for 50-75, B for 45-49); ages 76-85 are Grade C (selective, clinician judgement) and are not included here."
uspstf_screenable,USPSTF-recommended cancer screening,21044,exact,"USPSTF, ""Colorectal Cancer: Screening"" (uspreventiveservicestaskforce.org/uspstf/recommendation/colorectal-cancer-screening, published 2021-05-18, checked 2026-09-19), Grade A (50-75): ""The USPSTF recommends screening for colorectal cancer in all adults aged 50 to 75 years."" Grade B (45-49): ""The USPSTF recommends screening for colorectal cancer in adults aged 45 to 49 years.""",https://www.uspreventiveservicestaskforce.org/uspstf/recommendation/colorectal-cancer-screening,"SCP combined category; SEER site recode 21041-21049+21051-21052 (excludes anus 21060) -- same constituent split as #90's cancer_site_ontology.csv. Grade differs by age band (A for 50-75, B for 45-49); ages 76-85 are Grade C (selective, clinician judgement) and are not included here."
uspstf_screenable,USPSTF-recommended cancer screening,21045,exact,"USPSTF, ""Colorectal Cancer: Screening"" (uspreventiveservicestaskforce.org/uspstf/recommendation/colorectal-cancer-screening, published 2021-05-18, checked 2026-09-19), Grade A (50-75): ""The USPSTF recommends screening for colorectal cancer in all adults aged 50 to 75 years."" Grade B (45-49): ""The USPSTF recommends screening for colorectal cancer in adults aged 45 to 49 years.""",https://www.uspreventiveservicestaskforce.org/uspstf/recommendation/colorectal-cancer-screening,"SCP combined category; SEER site recode 21041-21049+21051-21052 (excludes anus 21060) -- same constituent split as #90's cancer_site_ontology.csv. Grade differs by age band (A for 50-75, B for 45-49); ages 76-85 are Grade C (selective, clinician judgement) and are not included here."
uspstf_screenable,USPSTF-recommended cancer screening,21046,exact,"USPSTF, ""Colorectal Cancer: Screening"" (uspreventiveservicestaskforce.org/uspstf/recommendation/colorectal-cancer-screening, published 2021-05-18, checked 2026-09-19), Grade A (50-75): ""The USPSTF recommends screening for colorectal cancer in all adults aged 50 to 75 years."" Grade B (45-49): ""The USPSTF recommends screening for colorectal cancer in adults aged 45 to 49 years.""",https://www.uspreventiveservicestaskforce.org/uspstf/recommendation/colorectal-cancer-screening,"SCP combined category; SEER site recode 21041-21049+21051-21052 (excludes anus 21060) -- same constituent split as #90's cancer_site_ontology.csv. Grade differs by age band (A for 50-75, B for 45-49); ages 76-85 are Grade C (selective, clinician judgement) and are not included here."
uspstf_screenable,USPSTF-recommended cancer screening,21047,exact,"USPSTF, ""Colorectal Cancer: Screening"" (uspreventiveservicestaskforce.org/uspstf/recommendation/colorectal-cancer-screening, published 2021-05-18, checked 2026-09-19), Grade A (50-75): ""The USPSTF recommends screening for colorectal cancer in all adults aged 50 to 75 years."" Grade B (45-49): ""The USPSTF recommends screening for colorectal cancer in adults aged 45 to 49 years.""",https://www.uspreventiveservicestaskforce.org/uspstf/recommendation/colorectal-cancer-screening,"SCP combined category; SEER site recode 21041-21049+21051-21052 (excludes anus 21060) -- same constituent split as #90's cancer_site_ontology.csv. Grade differs by age band (A for 50-75, B for 45-49); ages 76-85 are Grade C (selective, clinician judgement) and are not included here."
uspstf_screenable,USPSTF-recommended cancer screening,21048,exact,"USPSTF, ""Colorectal Cancer: Screening"" (uspreventiveservicestaskforce.org/uspstf/recommendation/colorectal-cancer-screening, published 2021-05-18, checked 2026-09-19), Grade A (50-75): ""The USPSTF recommends screening for colorectal cancer in all adults aged 50 to 75 years."" Grade B (45-49): ""The USPSTF recommends screening for colorectal cancer in adults aged 45 to 49 years.""",https://www.uspreventiveservicestaskforce.org/uspstf/recommendation/colorectal-cancer-screening,"SCP combined category; SEER site recode 21041-21049+21051-21052 (excludes anus 21060) -- same constituent split as #90's cancer_site_ontology.csv. Grade differs by age band (A for 50-75, B for 45-49); ages 76-85 are Grade C (selective, clinician judgement) and are not included here."
uspstf_screenable,USPSTF-recommended cancer screening,21049,exact,"USPSTF, ""Colorectal Cancer: Screening"" (uspreventiveservicestaskforce.org/uspstf/recommendation/colorectal-cancer-screening, published 2021-05-18, checked 2026-09-19), Grade A (50-75): ""The USPSTF recommends screening for colorectal cancer in all adults aged 50 to 75 years."" Grade B (45-49): ""The USPSTF recommends screening for colorectal cancer in adults aged 45 to 49 years.""",https://www.uspreventiveservicestaskforce.org/uspstf/recommendation/colorectal-cancer-screening,"SCP combined category; SEER site recode 21041-21049+21051-21052 (excludes anus 21060) -- same constituent split as #90's cancer_site_ontology.csv. Grade differs by age band (A for 50-75, B for 45-49); ages 76-85 are Grade C (selective, clinician judgement) and are not included here."
uspstf_screenable,USPSTF-recommended cancer screening,21051,exact,"USPSTF, ""Colorectal Cancer: Screening"" (uspreventiveservicestaskforce.org/uspstf/recommendation/colorectal-cancer-screening, published 2021-05-18, checked 2026-09-19), Grade A (50-75): ""The USPSTF recommends screening for colorectal cancer in all adults aged 50 to 75 years."" Grade B (45-49): ""The USPSTF recommends screening for colorectal cancer in adults aged 45 to 49 years.""",https://www.uspreventiveservicestaskforce.org/uspstf/recommendation/colorectal-cancer-screening,"SCP combined category; SEER site recode 21041-21049+21051-21052 (excludes anus 21060) -- same constituent split as #90's cancer_site_ontology.csv. Grade differs by age band (A for 50-75, B for 45-49); ages 76-85 are Grade C (selective, clinician judgement) and are not included here."
uspstf_screenable,USPSTF-recommended cancer screening,21052,exact,"USPSTF, ""Colorectal Cancer: Screening"" (uspreventiveservicestaskforce.org/uspstf/recommendation/colorectal-cancer-screening, published 2021-05-18, checked 2026-09-19), Grade A (50-75): ""The USPSTF recommends screening for colorectal cancer in all adults aged 50 to 75 years."" Grade B (45-49): ""The USPSTF recommends screening for colorectal cancer in adults aged 45 to 49 years.""",https://www.uspreventiveservicestaskforce.org/uspstf/recommendation/colorectal-cancer-screening,"SCP combined category; SEER site recode 21041-21049+21051-21052 (excludes anus 21060) -- same constituent split as #90's cancer_site_ontology.csv. Grade differs by age band (A for 50-75, B for 45-49); ages 76-85 are Grade C (selective, clinician judgement) and are not included here."
uspstf_screenable,USPSTF-recommended cancer screening,22030,exact,"USPSTF, ""Lung Cancer: Screening"" (uspreventiveservicestaskforce.org/uspstf/recommendation/lung-cancer-screening, published 2021-03-09, checked 2026-09-19), Grade B: ""The USPSTF recommends annual screening for lung cancer with low-dose computed tomography (LDCT) in adults aged 50 to 80 years who have a 20 pack-year smoking history and currently smoke or have quit within the past 15 years.""",https://www.uspreventiveservicestaskforce.org/uspstf/recommendation/lung-cancer-screening,
vaccine_preventable,Vaccine-preventable cancer,27010,exact,"CDC, ""HPV Vaccine Information Statement"" (cdc.gov/vaccines/hcp/current-vis/hpv.html, reviewed 2021-08-06, checked 2026-09-19): ""HPV infections can cause certain types of cancers, including: cervical, vaginal, and vulvar cancers in women; penile cancer in men; anal cancers in both men and women; cancers of tonsils, base of tongue, and back of throat (oropharyngeal cancer) in both men and women."" ""HPV vaccine can prevent over 90% of cancers caused by HPV.""",https://www.cdc.gov/vaccines/hcp/current-vis/hpv.html,
vaccine_preventable,Vaccine-preventable cancer,27060,exact,"CDC, ""HPV Vaccine Information Statement"" (cdc.gov/vaccines/hcp/current-vis/hpv.html, reviewed 2021-08-06, checked 2026-09-19): ""HPV infections can cause certain types of cancers, including: cervical, vaginal, and vulvar cancers in women; penile cancer in men; anal cancers in both men and women; cancers of tonsils, base of tongue, and back of throat (oropharyngeal cancer) in both men and women."" ""HPV vaccine can prevent over 90% of cancers caused by HPV.""",https://www.cdc.gov/vaccines/hcp/current-vis/hpv.html,
vaccine_preventable,Vaccine-preventable cancer,27050,exact,"CDC, ""HPV Vaccine Information Statement"" (cdc.gov/vaccines/hcp/current-vis/hpv.html, reviewed 2021-08-06, checked 2026-09-19): ""HPV infections can cause certain types of cancers, including: cervical, vaginal, and vulvar cancers in women; penile cancer in men; anal cancers in both men and women; cancers of tonsils, base of tongue, and back of throat (oropharyngeal cancer) in both men and women."" ""HPV vaccine can prevent over 90% of cancers caused by HPV.""",https://www.cdc.gov/vaccines/hcp/current-vis/hpv.html,
vaccine_preventable,Vaccine-preventable cancer,28030,exact,"CDC, ""HPV Vaccine Information Statement"" (cdc.gov/vaccines/hcp/current-vis/hpv.html, reviewed 2021-08-06, checked 2026-09-19): ""HPV infections can cause certain types of cancers, including: cervical, vaginal, and vulvar cancers in women; penile cancer in men; anal cancers in both men and women; cancers of tonsils, base of tongue, and back of throat (oropharyngeal cancer) in both men and women."" ""HPV vaccine can prevent over 90% of cancers caused by HPV.""",https://www.cdc.gov/vaccines/hcp/current-vis/hpv.html,
vaccine_preventable,Vaccine-preventable cancer,21060,exact,"CDC, ""HPV Vaccine Information Statement"" (cdc.gov/vaccines/hcp/current-vis/hpv.html, reviewed 2021-08-06, checked 2026-09-19): ""HPV infections can cause certain types of cancers, including: cervical, vaginal, and vulvar cancers in women; penile cancer in men; anal cancers in both men and women; cancers of tonsils, base of tongue, and back of throat (oropharyngeal cancer) in both men and women."" ""HPV vaccine can prevent over 90% of cancers caused by HPV.""",https://www.cdc.gov/vaccines/hcp/current-vis/hpv.html,
vaccine_preventable,Vaccine-preventable cancer,20080,broader,"CDC, ""HPV Vaccine Information Statement"" (cdc.gov/vaccines/hcp/current-vis/hpv.html, reviewed 2021-08-06, checked 2026-09-19): ""HPV infections can cause certain types of cancers, including: cervical, vaginal, and vulvar cancers in women; penile cancer in men; anal cancers in both men and women; cancers of tonsils, base of tongue, and back of throat (oropharyngeal cancer) in both men and women."" ""HPV vaccine can prevent over 90% of cancers caused by HPV.""",https://www.cdc.gov/vaccines/hcp/current-vis/hpv.html,"CDC's 'oropharynx' is defined to include 'the back of the throat, base of the tongue and tonsils' -- SEER splits this across separate leaves (Oropharynx 20080, Tonsil 20070; base of tongue falls under Tongue 20020, which is NOT included here since SEER's Tongue code covers the whole tongue, not just its base, and including it would overstate the match). Both included codes are narrower than CDC's full definition, so marked 'broader' per #90's convention for a mismatch between a citation's granularity and SEER's site recode -- see also #90's own docstring."
vaccine_preventable,Vaccine-preventable cancer,20070,broader,"CDC, ""HPV Vaccine Information Statement"" (cdc.gov/vaccines/hcp/current-vis/hpv.html, reviewed 2021-08-06, checked 2026-09-19): ""HPV infections can cause certain types of cancers, including: cervical, vaginal, and vulvar cancers in women; penile cancer in men; anal cancers in both men and women; cancers of tonsils, base of tongue, and back of throat (oropharyngeal cancer) in both men and women."" ""HPV vaccine can prevent over 90% of cancers caused by HPV.""",https://www.cdc.gov/vaccines/hcp/current-vis/hpv.html,"CDC's 'oropharynx' is defined to include 'the back of the throat, base of the tongue and tonsils' -- SEER splits this across separate leaves (Oropharynx 20080, Tonsil 20070; base of tongue falls under Tongue 20020, which is NOT included here since SEER's Tongue code covers the whole tongue, not just its base, and including it would overstate the match). Both included codes are narrower than CDC's full definition, so marked 'broader' per #90's convention for a mismatch between a citation's granularity and SEER's site recode -- see also #90's own docstring."
vaccine_preventable,Vaccine-preventable cancer,21071,exact,"NCI, ""Liver (Hepatocellular) Cancer Prevention (PDQ)"" (cancer.gov/types/liver/hp/liver-prevention-pdq, updated 2025-04-30, checked 2026-09-19): ""neonatal HBV vaccination or catch-up vaccination at young ages reduces HCC incidence in young adults"" -- reductions in pediatric/young-adult HCC risk of at least 50% observed in cohorts immunized at birth or in early childhood.",https://www.cancer.gov/types/liver/hp/liver-prevention-pdq,"Evidence is for HBV-related hepatocellular carcinoma specifically, not liver cancer generally; not yet established whether adult vaccination lowers adult liver-cancer risk (PDQ's own caveat). Mapped to 21071 (Liver) only, not 21072 (Intrahepatic Bile Duct) -- HBV/HCC etiology is liver-specific."
uv_associated,UV-associated cancer,25010,exact,"US Surgeon General, ""The Surgeon General's Call to Action to Prevent Skin Cancer"" (2014; NCBI Bookshelf ncbi.nlm.nih.gov/books/NBK247164/, checked 2026-09-19): ""As many as 90% of melanomas are estimated to be caused by UV exposure.""",https://www.ncbi.nlm.nih.gov/books/NBK247164/,
